{
  "Data": [
    {
      "id": 1,
      "email": "vinayakdeulkar@gmail.com",
      "password": "$2a$10$W5T5LWQvDSYvzg6bXk8AwObpKQ9gexXEO8YKBOCiFLAv4xslQZ/Fy",
      "name": "vinu",
      "city": "pune"
    },
    {
      "email": "sumit@gmail.com",
      "name": "sumit",
      "password": "$2a$10$U3GQErmbQbrtTl3MTczYUOawDNiQWt09tGxqyA4Mv.CDbnIA8MGby",
      "city": "pune",
      "id": 2
    },
    {
      "id": 0.973109996127079,
      "email": "kiran@gmail.com",
      "name": "kiran",
      "password": "$2a$10$BEUkRduLoHRvKVDg0fzknuRzM.xTJi470Sn8VOKnCfaPW0lB0t7k2",
      "city": "pune"
    },
    {
      "id": 0.19228501532669995,
      "email": "manoj@gmail.com",
      "name": "manoj",
      "password": "$2a$10$syVOfA2ZvQUNXNAmLvoFVeynl.nbtUSLTYVCvmIJVsYo97OuAT652",
      "city": "pune"
    }
  ],
  "product": [
    {
      "id": 0.30862415795964315,
      "pname": "apple",
      "price": "50"
    }
  ]
}